<?xml version="1.0" encoding="UTF-8"?>

<locators>

<APT_BasicValidation>

<!-- APT Home Page Links1 -->
<Logout_Link>//a[text()='Logout']</Logout_Link>
<Language_Drodown>//div[@class='app-header-right']//select</Language_Drodown>
<Accessibility_Link>//a[contains(text(),'Accessibility')]</Accessibility_Link>
<LegalNotices_Link>//a[contains(text(),'Legal Notices')]</LegalNotices_Link>
<PrivacyPolicy_Link>//a[contains(text(),'Privacy Policy')]</PrivacyPolicy_Link>
<Termsofuse_Link>//a[contains(text(),'Terms of use')]</Termsofuse_Link>
<ColtTechnologyServicesAllrightsreserved_Text>//span[contains(text(),'© 2019 Colt Technology Services. All rights reserved')]</ColtTechnologyServicesAllrightsreserved_Text>
<Colt_Logo>(//div[@class='logo-src'])[1]</Colt_Logo>
<SquareMenuBox>(//div//button[@class='hamburger hamburger--elastic'])[1]</SquareMenuBox>
<CrossMenuBox>(//div/div/div[1]/div[1]/div[2]/div/button/span)[1]</CrossMenuBox>

<!-- APT Home Page Links under box -->
<ManageCustomerService_Link>//a[contains(text(),"Manage Customer's Service")]</ManageCustomerService_Link>
<ManageColtNetwork_Link>//a[contains(text(),"Manage Colt's Network")]</ManageColtNetwork_Link>
<Tools_Link>//a[contains(text(),'Tools')]</Tools_Link>
<RecentlyViewed_Link>//a[contains(text(),'Recently Viewed')]</RecentlyViewed_Link>


<!-- Links under Manage Customer's Service -->
<CreateCustomer_Link>//a[contains(text(),'Create Customer')]</CreateCustomer_Link>
<SearchCustomer_Link>//a[contains(text(),'Search Customer')]</SearchCustomer_Link>
<CreateOrderService_Link>//a[contains(text(),'Create Order/Service')]</CreateOrderService_Link>
<SearchOrderService_Link>//a[contains(text(),'Search Order/Service')]</SearchOrderService_Link>
<SyncStatusReport_Link>//a[contains(text(),'Sync Status Report')]</SyncStatusReport_Link>
<ServiceReport_Link>//a[contains(text(),'Service Report')]</ServiceReport_Link>
<FailedDeletionHistory_Link>//a[contains(text(),'Failed Deletion History')]</FailedDeletionHistory_Link>
<Statistics_Link>//*[@id="root"]/div/div/div[2]/div[2]/div[4]/div[1]/div[1]/ul/li/ul/li[6]/a</Statistics_Link>
<ServiceStatistics_Link>//a[contains(text(),'Service Statistics')]</ServiceStatistics_Link>
<VOIPStatistics_Link>//a[contains(text(),'VOIP Statistics')]</VOIPStatistics_Link>
<IPAccessStatistics_Link>//a[contains(text(),'IPAccess Statistics')]</IPAccessStatistics_Link>


<!-- Links under Manage Colt's Network -->
<CreateAccessCoreDevice_Link>//a[contains(text(),'Create Access/Core Device')]</CreateAccessCoreDevice_Link>
<SearchforDevice_Link>//a[contains(text(),'Search for Device')]</SearchforDevice_Link>
<SearchforSANs_Link>//a[contains(text(),'Search for SANs')]</SearchforSANs_Link>
<NGINMessage_Link>//a[contains(text(),'NGIN Message')]</NGINMessage_Link>
<SearchDDIRanges_Link>//a[contains(text(),'Search DDI Ranges')]</SearchDDIRanges_Link>
<ManagePostcodeforIMSplatform_Link>//a[contains(text(),'Manage Postcode for IMS platform')]</ManagePostcodeforIMSplatform_Link>
<ManageIMSNumberTranslation_Link>//a[contains(text(),'Manage IMS Number Translation')]</ManageIMSNumberTranslation_Link>
<PGWConfigHistory_Link>//a[contains(text(),'PGW Config History')]</PGWConfigHistory_Link>
<MSPLatencyGrid_Link>//a[contains(text(),'MSP Latency Grid')]</MSPLatencyGrid_Link>


<!-- Links under Tools -->
<EFM_BandwidthTool_Link>//a[contains(text(),'EFM Bandwidth Tool')]</EFM_BandwidthTool_Link>
<DeviceBackups_Link>//a[contains(text(),'Device Backups')]</DeviceBackups_Link>
<CPEMarkedforDiscovery_Link>//a[contains(text(),'CPE Marked for Discovery')]</CPEMarkedforDiscovery_Link>
<ApplicationAwareNetworking_Link>//a[contains(text(),'Application Aware Networking')]</ApplicationAwareNetworking_Link>


<!-- Links under Recently Viewed -->
<Link1_Link>//a[contains(text(),'Link1')]</Link1_Link>
<Link2_Link>//a[contains(text(),'Link2')]</Link2_Link>
<Link3_Link>//a[contains(text(),'Link3')]</Link3_Link>



<mcslink>//a[contains(text(),"Manage Customer's Service")]</mcslink>
<createorderlink>//a[@href='/apt/createOrderService']</createorderlink>





</APT_BasicValidation>

</locators>